fecha,hora,pais,indicador,periodo,unidad,tipo,mejor,esperado,real
2026-09-30,06:15,US,Empleo privado ADP,sep,miles,nivel,alto,68,90
2026-10-02,06:30,US,Nómina no agrícola,sep,miles,nivel,alto,89,29
2026-10-02,06:30,US,Tasa de desempleo,sep,%,pct,bajo,4.1,4.2
2026-10-05,06:00,MX,Consumo privado,jul,% a/a,pct,alto,,
2026-10-05,08:00,US,ISM servicios,sep,índice,nivel,alto,,
2026-10-06,06:00,MX,Confianza del consumidor,sep,índice,nivel,alto,,
2026-10-06,06:30,US,Balanza comercial,ago,mmd USD,nivel,alto,,
2026-10-07,12:00,US,Minutas del FOMC,reunión 15-16 sep,,evento,neutral,,
2026-10-08,06:00,MX,INPC general anual,sep,% a/a,pct,bajo,,
2026-10-08,06:00,MX,INPC subyacente anual,sep,% a/a,pct,bajo,,
2026-10-08,,MX,Minuta de Banxico,decisión 24 sep,,evento,neutral,,
2026-10-12,06:00,MX,Actividad industrial,ago,% a/a,pct,alto,,
2026-10-14,06:30,US,CPI general anual,sep,% a/a,pct,bajo,,
2026-10-14,06:30,US,CPI subyacente anual,sep,% a/a,pct,bajo,,
2026-10-15,06:30,US,PPI demanda final anual,sep,% a/a,pct,bajo,,
2026-10-15,06:30,US,Ventas minoristas,sep,% m/m,pct,alto,,
2026-10-21,06:00,MX,Ventas minoristas,ago,% a/a,pct,alto,,
2026-10-22,06:00,MX,INPC general anual 1a quincena,oct,% a/a,pct,bajo,,
2026-10-22,06:00,MX,INPC subyacente anual 1a quincena,oct,% a/a,pct,bajo,,
2026-10-22,06:00,MX,Tasa de desempleo,sep,%,pct,bajo,,
2026-10-23,06:00,MX,IGAE,ago,% a/a,pct,alto,,
2026-10-27,06:00,MX,Balanza comercial,sep,mdd,nivel,alto,,
2026-10-28,12:00,US,Decisión de la Fed (límite superior),oct,%,tasa,neutral,,
2026-10-29,06:30,US,PIB (avance),3T,% t/t anualizado,pct,alto,,
2026-10-29,06:30,US,PCE subyacente anual,sep,% a/a,pct,bajo,,
2026-10-30,06:00,MX,PIB oportuno,3T,% a/a,pct,alto,,
2026-10-30,06:30,US,Índice de costo del empleo (ECI),3T,% t/t,pct,neutral,,
2026-10-30,,MX,Finanzas públicas,sep,,evento,neutral,,
2026-11-02,09:00,US,ISM manufacturero,oct,índice,nivel,alto,,
2026-11-02,12:00,MX,IMEF manufacturero,oct,índice,nivel,alto,,
2026-11-03,,US,Elecciones intermedias,,,evento,neutral,,
2026-11-03,,MX,Remesas,sep,mdd,nivel,alto,,
2026-11-03,09:00,US,Vacantes JOLTS,sep,millones,nivel,alto,,
2026-11-04,07:30,US,Balanza comercial,sep,mmd USD,nivel,alto,,
2026-11-04,09:00,US,ISM servicios,oct,índice,nivel,alto,,
2026-11-05,06:00,MX,Consumo privado,ago,% a/a,pct,alto,,
2026-11-05,06:00,MX,Confianza del consumidor,oct,índice,nivel,alto,,
2026-11-05,13:00,MX,Decisión de Banxico (tasa objetivo),nov,%,tasa,neutral,,
2026-11-06,07:30,US,Nómina no agrícola,oct,miles,nivel,alto,,
2026-11-06,07:30,US,Tasa de desempleo,oct,%,pct,bajo,,
2026-11-09,06:00,MX,INPC general anual,oct,% a/a,pct,bajo,,
2026-11-09,06:00,MX,INPC subyacente anual,oct,% a/a,pct,bajo,,
2026-11-10,07:30,US,CPI general anual,oct,% a/a,pct,bajo,,
2026-11-10,07:30,US,CPI subyacente anual,oct,% a/a,pct,bajo,,
2026-11-11,06:00,MX,Actividad industrial,sep,% a/a,pct,alto,,
2026-11-13,07:30,US,PPI demanda final anual,oct,% a/a,pct,bajo,,
2026-11-17,07:30,US,Ventas minoristas,oct,% m/m,pct,alto,,
2026-11-18,13:00,US,Minutas del FOMC,reunión 27-28 oct,,evento,neutral,,
2026-11-19,,MX,Minuta de Banxico,decisión 5 nov,,evento,neutral,,
2026-11-20,06:00,MX,Ventas minoristas,sep,% a/a,pct,alto,,
2026-11-23,06:00,MX,PIB (cifra completa),3T,% a/a,pct,alto,,
2026-11-23,06:00,MX,IGAE,sep,% a/a,pct,alto,,
2026-11-24,06:00,MX,INPC general anual 1a quincena,nov,% a/a,pct,bajo,,
2026-11-24,06:00,MX,INPC subyacente anual 1a quincena,nov,% a/a,pct,bajo,,
2026-11-25,07:30,US,PIB (2a estimación),3T,% t/t anualizado,pct,alto,,
2026-11-25,07:30,US,PCE subyacente anual,oct,% a/a,pct,bajo,,
2026-11-25,13:00,US,Libro Beige,,,evento,neutral,,
2026-11-26,06:00,MX,Tasa de desempleo,oct,%,pct,bajo,,
2026-11-26,,MX,Informe trimestral de Banxico,jul-sep,,evento,neutral,,
2026-11-27,06:00,MX,Balanza comercial,oct,mdd,nivel,alto,,
2026-11-30,,MX,Finanzas públicas,oct,,evento,neutral,,
2026-12-01,09:00,US,ISM manufacturero,nov,índice,nivel,alto,,
2026-12-01,09:00,US,Vacantes JOLTS,oct,millones,nivel,alto,,
2026-12-01,,MX,Remesas,oct,mdd,nivel,alto,,
2026-12-01,12:00,MX,IMEF manufacturero,nov,índice,nivel,alto,,
2026-12-04,06:00,MX,Consumo privado,sep,% a/a,pct,alto,,
2026-12-04,07:30,US,Nómina no agrícola,nov,miles,nivel,alto,,
2026-12-04,07:30,US,Tasa de desempleo,nov,%,pct,bajo,,
2026-12-07,06:00,MX,Confianza del consumidor,nov,índice,nivel,alto,,
2026-12-08,07:30,US,Balanza comercial,oct,mmd USD,nivel,alto,,
2026-12-09,06:00,MX,INPC general anual,nov,% a/a,pct,bajo,,
2026-12-09,06:00,MX,INPC subyacente anual,nov,% a/a,pct,bajo,,
2026-12-09,13:00,US,Decisión de la Fed (límite superior) y proyecciones,dic,%,tasa,neutral,,
2026-12-10,07:30,US,CPI general anual,nov,% a/a,pct,bajo,,
2026-12-10,07:30,US,CPI subyacente anual,nov,% a/a,pct,bajo,,
2026-12-11,06:00,MX,Actividad industrial,oct,% a/a,pct,alto,,
2026-12-15,07:30,US,PPI demanda final anual,nov,% a/a,pct,bajo,,
2026-12-16,07:30,US,Ventas minoristas,nov,% m/m,pct,alto,,
2026-12-17,06:00,MX,Ventas minoristas,oct,% a/a,pct,alto,,
2026-12-17,13:00,MX,Decisión de Banxico (tasa objetivo),dic,%,tasa,neutral,,
2026-12-18,06:00,MX,Oferta y utilización,3T,,evento,neutral,,
2026-12-18,07:30,US,Cuenta corriente,3T,mmd USD,nivel,alto,,
2026-12-23,06:00,MX,INPC general anual 1a quincena,dic,% a/a,pct,bajo,,
2026-12-23,06:00,MX,INPC subyacente anual 1a quincena,dic,% a/a,pct,bajo,,
2026-12-23,06:00,MX,IGAE,oct,% a/a,pct,alto,,
2026-12-23,06:00,MX,Balanza comercial,nov,mdd,nivel,alto,,
2026-12-23,07:30,US,PIB (final),3T,% t/t anualizado,pct,alto,,
2026-12-23,07:30,US,PCE subyacente anual,nov,% a/a,pct,bajo,,
2026-12-24,06:00,MX,Tasa de desempleo,nov,%,pct,bajo,,
2026-12-30,13:00,US,Minutas del FOMC,reunión 8-9 dic,,evento,neutral,,
2026-12-30,,MX,Finanzas públicas,nov,,evento,neutral,,
